id,Analytical,Empirical,Hybrid,ML
17496,0.244084071,0.013299353,0.031073947,0.023499854
15770,0.061747377,0.243532949,0.035283394,0.021092632
20395,0.268477075,0.049181982,0.111007632,0.006243837
19715,0.190411877,0.943296199,0.009152442,0.013774329
21380,0.061072498,0.201969617,0.045183498,0.004488633
13208,1,0,0,0
21869,0.196417666,0.077855485,0.029176416,0.011222747
16666,0.061093592,0.221863303,0.053302056,0.006831333
12969,1,0,0,0
15589,0.04302209,0.267316504,0.047541912,0.005188073
17463,0.5,0.01008946,0.064620012,0.030889811
16874,0.200270943,0.087220022,0.056622639,0.022260058
20996,0.6308489,0.010444513,0.06643081,0.002445529
20688,0.700787429,0.050103187,0.052458503,0.003093648
17853,0.131005786,0.064679189,0.282621704,0.017839175
13373,1,0,0,0
13315,0,1,0,0
15108,0.05774838,0.011102807,0.007330386,0.562773642
19663,0.05227045,0.174513881,0.141796851,0.020855017
21675,0.171870072,0.012994718,0.029640573,0.061708525
20096,0.066245918,0.560126993,0.081923701,0.016593719
20147,0.092123984,0.006187391,0.009060285,0.841834748
18023,0.220541894,0.018916703,0.032625574,0.024620216
12545,1,0,0,0
15090,0.208229615,0.037018819,0.030140094,0.01476277
19063,0.090925899,0.392082251,0.032194291,0.028520371
21225,0.314039201,0.051813848,0.006032773,0.007243599
20585,0.175268873,0.101720263,0.034922137,0.022610402
15472,0.466362204,0.027279086,0.019498109,0.01192529
15335,0.023891146,0.051158837,0.055996049,0.859264081
15433,0,1,0,0
18217,0.480412389,0.009713974,0.02090263,0.028996382
21269,0.339038408,0.019278608,0.04452706,0.01743273
12872,0,1,0,0
22248,0.384746997,0.049239164,0.003317574,0.019469824
15886,0.016108641,0.017435834,0.022436504,0.7547386
18771,0,0,0,1
17564,0.087573963,0.030168854,0.043992951,0.016019264
19300,0.110023683,0.070194549,0.067358904,0.011737496
17197,0.475300885,0.012151083,0.007873261,0.005420463
15334,0.299839923,0.271489329,0.065419156,0.005136632
19780,0.229699605,0.017085523,0.014132694,0.030254369
17925,0.214197425,0.047721799,0.053691708,0.019707947
20522,0.46070772,0.006011293,0.005392306,0.068313927
19895,0.102480273,0.056497686,0.363118873,0.003123221
21222,0.109071661,0.061980018,0.222508546,0.016991782
18548,0.052345137,0.354639898,0.128301169,0.014205956
18435,0.708712977,0.012386292,0.016479217,0.066199447
12636,0,0,0,0
12615,0,0,1,0
12949,0,0,0,0
12528,0,0,1,0
17540,0.104039148,0.06200282,0.049320732,0.03413524
20425,0.348340264,0.060579853,0.027742583,0.012453123
22034,0.061443309,0.534701389,0.03455322,0.003038043
21181,0.629767564,0.006862371,0.03958212,0.00444733
12797,1,0,0,0
16900,0.556364061,0.02838473,0.013676824,0.015056831
17869,0.111772472,0.536229032,0.035551219,0.006702496
12959,1,0,0,0
18997,0.291168874,0.131652186,0.04946403,0.006513438
19784,0.251373365,0.02338453,0.07257663,0.009263239
18772,0.071947314,0.007729127,0.008523004,0.967657313
13093,0,0,0,1
19286,0.115283772,0.143296594,0.039447542,0.078635034
19795,0.455455943,0.023654147,0.023541106,0.017436266
19505,0.412341164,0.016310115,0.042913474,0.01031771
16281,0.362801644,0.064969624,0.012654347,0.008759791
21406,0.316221911,0.029298933,0.124913412,0.003519578
19737,0.070542229,0.065290861,0.017167039,0.02303534
20928,0.150987792,0.063697955,0.014560908,0.067154127
15191,0.076859872,0.051517143,0.115780754,0.018259381
16877,0.134331814,0.031713123,0.092288882,0.010088298
22307,0.511434137,0.050511043,0.07447262,0.035787805
12802,0,1,0,0
18024,0.174765794,0.066280713,0.009965876,0.011324089
17863,0.071336998,0.064405226,0.070503816,0.018071767
15260,0.179093932,0.010266944,0.105648191,0.006762786
18358,0.062160229,0.027829305,0.097108962,0.056334445
21109,0.070756299,0.295113274,0.023696672,0.003651823
21403,0.080977473,0.05878636,0.094746185,0.018330633
17430,0.082012366,0.717432432,0.034090967,0.025625722
19271,0.113864223,0.089640428,0.018683173,0.011833046
16036,0.127563504,0.17782864,0.063006012,0.004738667
16665,0.067514553,0.213209609,0.061115991,0.007022484
13564,0,0,1,0
21085,0.446869088,0.015363626,0.064940876,0.003321824
20560,0.5,0.009508137,0.028340303,0.023623345
13366,1,0,0,0
20886,0.270632489,0.32061785,0.014608318,0.006353672
12601,1,0,0,0
16622,0.247902344,0.211638604,0.031048294,0.005824952
18837,0.310836626,0.029368439,0.069007485,0.007763397
16952,0.164538311,0.087466878,0.073163683,0.012239888
20200,0.15415765,0.041810576,0.019944116,0.006374266
19820,0.062670513,0.199337346,0.019749392,0.030593165
16770,0.385674775,0.060588791,0.044021205,0.005313916
16004,0.09291204,0.38112368,0.014522898,0.005354914
19711,0.151751199,0.063520844,0.022152591,0.165542791
12681,0,0,0,0
12795,1,0,0,0
20801,0.819363567,0.033854376,0.026042526,0.00457209
20577,0,0,0,1
21001,0.385432744,0.019133479,0.036470495,0.022410106
18003,0.460003614,0.012328243,0.022011845,0.046708092
21868,0.22199636,0.046542867,0.052751201,0.008526977
20414,0.154505939,0.12264448,0.021307556,0.016989645
22316,0.136718378,0.339166371,0.037954225,0.018677392
18157,0.355742749,0.033216097,0.038685652,0.006072304
12572,1,0,0,0
16252,0.234790408,0.030011817,0.00962986,0.021011203
22077,0.087955726,0.014269023,0.046266781,0.010154929
21071,0.575535779,0.025094902,0.026547041,0.008409379
22273,0.148212404,0.021564634,0.201572939,0.007118397
17353,0,1,0,0
13449,1,0,0,0
17695,0.520127482,0.037534711,0.042130185,0.004319708
16996,0.018766521,0.01970063,0.007244549,0.918464205
18545,0.071565844,0.103793071,0.057124313,0.007714563
15177,0,0,0,1
19960,0.101221689,0.548733735,0.056747859,0.003385808
17995,0.160415695,0.229187111,0.026436254,0.003128069
15291,0.109924697,0.039658078,0.164297273,0.01911329
12582,0,0,1,0
19740,0.289314705,0.060433841,0.084193843,0.025108548
18925,0.125115034,0.134568752,0.11246546,0.008938162
21292,0.136751279,0.026240357,0.021581868,0.016951398
19468,0.34117979,0.033662802,0.03165975,0.011186009
18120,0.223285711,0.022399741,0.06138508,0.00324972
15101,0.197949259,0.043386357,0.143347451,0.023997344
12877,0,1,0,0
17927,0.1424593,0.027203803,0.022295664,0.022101137
21084,0.127577187,0.061942614,0.009600252,0.080880873
13562,1,0,0,0
20865,0.736250372,0.016883148,0.032707009,0.004253958
18953,0.060134681,0.056766566,0.02998018,0.039943557
17997,0.133331794,0.029235354,0.04918816,0.00507223
15654,0.11250893,0.3562061,0.010015051,0.007665961
21078,0.318828093,0.010640962,0.141570141,0.007281739
16840,0.374155279,0.045429122,0.012372449,0.006129838
18364,0.089361047,0.085972299,0.038518444,0.032602312
22008,0.246537651,0.067052121,0.015032179,0.011096131
22203,0.017285688,0.023904848,0.007031454,0.98396689
16905,0,1,0,0
22209,0.16590532,0.019842545,0.097567597,0.013628829
17973,0.149769717,0.139505643,0.00544468,0.008313158
19159,0.43636212,0.019999373,0.034462931,0.03213776
21087,0.047899189,0.030900355,0.087042594,0.009312656
16338,0.448846061,0.010116353,0.017416631,0.007053534
22224,0,0,1,0
19113,0.061941662,0.009792867,0.011975278,0.598430501
19870,0.130373421,0.011585817,0.010338488,0.130763972
12761,1,0,0,0
18158,0.379873045,0.049763665,0.025866156,0.007316006
22268,0.50633152,0.013603793,0.014209498,0.022038959
16851,0.145258198,0.171367124,0.149892269,0.004589582
15312,0,1,0,0
20609,0.369905081,0.010517209,0.00803196,0.021750217
18604,0.031402767,0.146057657,0.195845599,0.005473397
22256,0.454253511,0.033321693,0.026452656,0.009293816
19698,0.296058481,0.065469531,0.018018361,0.103255095
17861,0.140023991,0.079557397,0.005397472,0.013744998
21239,0.118955714,0.187152057,0.063802703,0.007377429
16456,0.774670949,0.020187537,0.020466309,0.009156163
20238,0.301421005,0.017929335,0.089262879,0.004901704
12876,0,1,0,0
13346,1,0,0,0
20589,0.143491019,0.021716999,0.035995319,0.045491738
20768,0.231518579,0.037781354,0.022397613,0.01052011
18255,0.156338621,0.032263989,0.03505344,0.021622706
19302,0.137100269,0.414912466,0.188907568,0.007533862
20724,0.204725632,0.023110938,0.027793429,0.012983669
21000,0.428138992,0.014331427,0.020420971,0.020881073
13142,0,0,0,0
15383,0.083377833,0.255314091,0.026023781,0.012832088
12867,1,0,0,0
17330,0,1,0,0
18035,0.575919838,0.022692423,0.013175317,0.015056694
21049,0.637004884,0.010812788,0.007599228,0.016833088
15632,0.298143394,0.021434737,0.068730615,0.005306972
19354,0.280941081,0.03861418,0.009722272,0.00719582
21090,0.452108878,0.040770913,0.085455515,0.016980745
19619,0.068395869,0.346930533,0.264510889,0.008821641
17347,0.050249345,0.45103336,0.050593806,0.013210533
12788,0,0,1,0
20231,0.295042294,0.138866448,0.032645903,0.037216896
16306,0.434949167,0.156242016,0.018127983,0.006424643
22286,0.087564762,0.264641738,0.005254234,0.011263798
19646,0.215355748,0.033819751,0.02843889,0.029583819
20014,0.398536595,0.014206464,0.028946099,0.009863733
16667,0.066376293,0.249251403,0.059719185,0.026029679
17351,0.066443858,0.313052852,0.061310387,0.003721864
16919,0.185840964,0.159643174,0.022876975,0.017881592
21927,0.30685503,0.018223033,0.012154867,0.03843838
17252,0.406526762,0.02212459,0.044260193,0.036937431
22009,0,0,1,0
15409,0.099746615,0.119747165,0.065143714,0.019496461
21205,0.125581392,0.027828484,0.045042204,0.016309948
18753,0.074071302,0.207171866,0.088800392,0.015038031
18426,0.515967634,0.032262677,0.06146244,0.00931761
20720,0.245633719,0.022435306,0.014198169,0.060341511
18151,0.396425034,0.027554665,0.036620759,0.019008889
20461,0.369707313,0.062200721,0.035319068,0.002546817
17971,0.402724381,0.063716584,0.015546404,0.006415357
21260,0.159347036,0.011991611,0.172820235,0.013573865
17063,0.306892691,0.211135943,0.01257324,0.003902336
15636,0.642223504,0.006651477,0.049171992,0.060703253
15346,0.168554841,0.098821882,0.029910441,0.006057993
15794,0.444760859,0.061903369,0.014810474,0.018444953
16854,0.073556877,0.254832424,0.020050424,0.016718895
19829,0.267047749,0.021883876,0.027042984,0.022316978
13218,0,1,0,0
15105,0.242019125,0.078858445,0.006087551,0.03704362
18015,0.49381872,0.013825754,0.010044545,0.006428527
19661,0.191736898,0.246633024,0.028653925,0.038428852
19839,0.648865986,0.069737124,0.007038826,0.006798757
17111,0.079252394,0.062172281,0.059861364,0.034691167
20573,0.277555829,0.015517927,0.066586565,0.00724273
17402,0.117521249,0.003019123,0.019970269,0.874260741
19324,0.13655937,0.034657834,0.016681024,0.081761522
16014,0.080208276,0.071541834,0.019305992,0.014877559
20549,0.557566369,0.02151694,0.048535807,0.019049468
20580,0.64782251,0.007475746,0.055390661,0.018377779
12554,1,0,0,0
21995,0.28164189,0.309507607,0.033034483,0.002450869
18054,0.285579372,0.022811807,0.020567841,0.029333499
12925,0,1,0,0
20667,0.199079259,0.088284146,0.012359012,0.077246867
15190,0.320569422,0.03244937,0.022289578,0.006099958
16768,0.277652537,0.082258721,0.009005447,0.004610707
21242,0.309542061,0.014750707,0.024312016,0.038544348
22037,0.297593004,0.005264642,0.057474526,0.02001664
19968,0.225848711,0.004335789,0.013930728,0.16908671
15481,0.466004284,0.010148344,0.020870949,0.028986482
13122,0,0,1,0
13482,1,0,0,0
20624,0.788661685,0.045450241,0.008043569,0.018238616
19682,0.266993363,0.051262436,0.015441535,0.015555775
17471,0.098766515,0.284536954,0.061647064,0.014451571
17276,0.374994692,0.019339506,0.031540546,0.015100758
21163,0.212883569,0.102333325,0.091476742,0.015519549
21890,0.244124097,0.065450952,0.022186886,0.029932004
21367,0.20805901,0.532909943,0.016011348,0.012398997
20643,0.785810304,0.019668778,0.012804966,0.022641737
17879,0.156652158,0.23848227,0.132526982,0.053361754
18874,0.153788956,0.214178814,0.11719831,0.020015732
19636,0.071011172,0.161503867,0.113001054,0.026033008
12600,0,0,1,0
12775,0,1,0,0
20839,0.356273869,0.024622027,0.093942827,0.007801025
21179,0.822838377,0.011576631,0.020639217,0.072991655
20761,0.406981289,0.021137158,0.088046705,0.01548026
20625,0.732826661,0.057209573,0.008451199,0.022029586
18596,0,0,0,1
15618,0.269982289,0.022817808,0.012283086,0.006928447
20611,0.074572986,0.45048083,0.031181866,0.059646532
20214,0.143122072,0.072191504,0.016721447,0.082832169
22186,0.309904142,0.068241608,0.044394024,0.01055121
20290,0.586444394,0.006249644,0.067783811,0.027038066
21492,0.5,0.017699876,0.028501754,0.037666139
19434,0.338567047,0.005245258,0.033801331,0.020527951
17417,0,0,1,0
20152,0.105001195,0.035937371,0.115806614,0.004458994
18013,0.253336485,0.061977524,0.026640966,0.010053242
12753,0,1,0,0
15216,0.013218477,0.030460465,0.00926519,0.979613485
18060,0.08558619,0.074465558,0.022132054,0.017664017
19690,0.127266496,0.023296918,0.011370373,0.047569995
16910,0.130005891,0.020319983,0.043230216,0.037805269
17922,0.305196685,0.013252379,0.032884141,0.042524919
22254,0.160406553,0.020943822,0.03479162,0.008456819
17462,0.56495093,0.008601678,0.059539717,0.006977039
17844,0.053693455,0.094669856,0.0284684,0.013849235
15891,0.10504661,0.082687494,0.008185623,0.033706487
15146,0,0,1,0
15968,0.188635806,0.080948131,0.057217393,0.006413225
12870,0,1,0,0
12512,0,1,0,0
21455,0.429427018,0.009932737,0.062625322,0.043405144
21142,0.724229075,0.012721624,0.019237836,0.008767793
16242,0.285978171,0.067448299,0.023992687,0.004723498
17949,0.364927524,0.027254762,0.065835598,0.011228002
17179,0.142445946,0.33993401,0.024668182,0.031933646
17842,0,0,0,1
20612,0.276339632,0.0292187,0.028681133,0.03749108
17340,0,1,0,0
18202,0.35033304,0.331272383,0.002493047,0.019104402
16688,0.294205011,0.015157206,0.224810502,0.00673158
21987,0.039135815,0.048648148,0.034467099,0.0489207
17501,0,0,0,1
22101,0.129501113,0.018656085,0.052557057,0.016759512
17361,0.31731829,0.014481363,0.025990025,0.017173742
19688,0.525333458,0.009047237,0.069472755,0.005011822
19413,0.11871122,0.05837177,0.021185227,0.007104789
16186,0,0,0,1
21158,0.17814372,0.034972446,0.069724642,0.004464969
16748,0.5,0.00622632,0.041483466,0.007501761
13389,1,0,0,0
17996,0,0,0,1
17817,0.099850193,0.014820744,0.069798804,0.039114336
17944,0.61590957,0.008735016,0.013924695,0.03022603
16099,0.091785834,0.156339834,0.036363786,0.011163901
15578,0.135036926,0.057332462,0.058899825,0.020973032
17912,0.519951757,0.016074861,0.017400349,0.015282887
18655,0.184117449,0.12401692,0.045131745,0.009944255
15188,0.64971186,0.015845653,0.070842862,0.008489683
19825,0.067376052,0.251413891,0.0567135,0.009304316
15755,0.193950192,0.303206646,0.047014628,0.005543646
18625,0.186624667,0.281573912,0.013716422,0.002781881
19378,0.171054952,0.033115473,0.030750113,0.027650962
22252,0.379742517,0.021886703,0.034878145,0.004771628
20213,0.166802487,0.058305302,0.01468747,0.066817223
16836,0.218313149,0.012853506,0.03743081,0.025435899
19081,0,0,0,1
21088,0.5,0.120377153,0.440149614,0.00397835
15952,0,0,0,1
17855,0.12301028,0.084963931,0.057801339,0.015366187
19796,0.261929125,0.012438723,0.036118605,0.008276033
20235,0.240244691,0.061010621,0.062061489,0.007541628
15719,0.145518232,0.322789776,0.018538719,0.052935063
18052,0.58720184,0.009779615,0.017096816,0.010176621
17948,0.467644674,0.02214807,0.004687419,0.015676491
21113,0.125660209,0.071397896,0.011462944,0.008281814
18041,0.361650771,0.00971084,0.012628359,0.012218823
18073,0.31109539,0.086926832,0.044454214,0.003576053
16831,0.179676712,0.030356002,0.008245135,0.003457065
22265,0.118878187,0.107616844,0.047311604,0.007631218
15698,0.066734781,0.076340727,0.080793199,0.013071059
20769,0.468668248,0.008924587,0.091497888,0.03300026
15816,0.251450256,0.016928853,0.016441933,0.036418309
22177,0.027301307,0.299755325,0.056152271,0.035055004
15970,0.274326357,0.069013107,0.034086304,0.007786835
20627,0.701091726,0.156584221,0.029544413,0.00789098
19830,0.518372122,0.010429547,0.025757757,0.014737843
15537,0.183825974,0.016194935,0.022302136,0.014337818
22040,0.108281358,0.036973114,0.060463932,0.012669997
18195,0.087185703,0.019518749,0.131383441,0.016023218
19749,0.047480502,0.280032723,0.111835474,0.007699568
22207,0.116807507,0.258162688,0.012952956,0.010879791
19642,0.045920885,0.079546016,0.05952759,0.011911796
20341,0.355046811,0.019147716,0.03925418,0.011985789
18601,0.077205494,0.071578497,0.234150257,0.004787908
15316,0.301217578,0.226915159,0.004729132,0.00770544
19297,0.396141219,0.063581594,0.005729257,0.011487723
18087,0.245984262,0.017493783,0.050283994,0.018629325
21382,0.550258987,0.005421202,0.015166466,0.020442229
17443,0.350493814,0.030901086,0.017081011,0.008796298
18089,0.135197364,0.030175618,0.045447026,0.017551451
13388,1,0,0,0
16941,0.410785753,0.044742039,0.122078448,0.00380672
12970,1,0,0,0
21027,0.177527316,0.528187264,0.020071284,0.019867118
12942,0,1,0,0
16080,0.292807307,0.021632742,0.05984585,0.014437805
19009,0.14635786,0.352334246,0.013300812,0.010408215
15637,0.10327304,0.109094626,0.980414309,0.012031579
19655,0.05187519,0.382677141,0.014836983,0.006912343
21297,0.364866071,0.043768729,0.004002048,0.009516824
16270,0.0355515,0.129533072,0.075771452,0.009618869
13112,0,0,0,0
20457,0.258030365,0.070613055,0.064035634,0.005322901
12599,1,0,0,0
18784,0.080559278,0.04323758,0.13228072,0.011169966
21845,0.365512154,0.025968114,0.025402868,0.077534148
13533,1,0,0,0
20581,0.751580179,0.010607583,0.025237656,0.015103495
16156,0.158685595,0.077901245,0.024501624,0.029970589
15261,0.099575679,0.013479005,0.5,0.009404037
16127,0.30108807,0.141665133,0.029677099,0.006382175
12692,0,0,0,0
20440,0.103748249,0.149837423,0.007522233,0.01685216
18161,0,0,1,0
16454,0.626278951,0.039843043,0.013375906,0.00425042
20693,0.134717097,0.027710752,0.015478392,0.023785019
15563,0.138886252,0.149696795,0.007262666,0.017523656
20566,0.203367559,0.008732694,0.021369586,0.045403359
21422,0.088578508,0.055635597,0.027371907,0.03681982
17414,0.203848413,0.221143757,0.050843805,0.021626249
13376,0,0,0,0
21137,0.239199559,0.016416212,0.042409987,0.01748697
12532,0,0,0,1
16718,0.073024941,0.447107192,0.019708156,0.028882547
18793,0.287088284,0.014414798,0.026535606,0.032860001
19948,0.040905026,0.007241682,0.008592246,0.690348742
22057,0.166169654,0.093840476,0.070809093,0.048857776
17957,0.311178796,0.013519227,0.162005855,0.018964688
22260,0.218661792,0.031262131,0.08227105,0.007518082
16291,0.223186961,0.046778552,0.014134358,0.020104768
18626,0.571132471,0.049964534,0.02848255,0.008978588
21216,0.133757631,0.107734028,0.029622897,0.011576937
15738,0.58681855,0.014815565,0.04663114,0.004331417
17365,0.270355847,0.036614436,0.015870039,0.015381418
21315,0.020474204,0.251923191,0.037986412,0.081905126
18647,0.118017023,0.03130992,0.013836001,0.00876127
19214,0.530357578,0.02751981,0.02574103,0.006417967
16668,0.068720849,0.231529549,0.057791552,0.025295741
15540,0.213280405,0.020214432,0.047189741,0.010679576
20727,0.179618087,0.028328448,0.015583862,0.03308685
21466,0.340144114,0.042186742,0.071576645,0.008011164
15535,0.127785954,0.049352617,0.040485446,0.0113175
17521,0.4265149,0.018309137,0.054658385,0.004301365
19107,0.059754038,0.024936095,0.01921085,0.011982287
16349,0,0,0,1
17338,0.254963745,0.3602465,0.01819205,0.0079201
19285,0.06584986,0.064101853,0.121872971,0.095681196
15506,0,0,0,1
12607,1,0,0,0
21272,0.079335613,0.051976171,0.063708454,0.019490335
18616,0.037074696,0.5,0.04482492,0.005287189
21097,0.426260602,0.047668115,0.033570952,0.004731037
22230,0.123511112,0.061740155,0.128778358,0.005838486
20460,0.239552293,0.031235352,0.091990497,0.005814901
21247,0.180449149,0.117367999,0.025236002,0.019111443
12691,0,1,0,0
18373,0.231050728,0.039367123,0.04563692,0.026122054
12874,0,1,0,0
18080,0.689977763,0.022491741,0.019731132,0.007363704
19200,0.133317141,0.1965973,0.016415082,0.018140583
16367,0.407410638,0.013618139,0.014444422,0.018409459
18819,0.043183897,0.20494374,0.031816762,0.009528057
12675,0,0,1,0
21035,0.061265894,0.071435791,0.058899355,0.010949126
20697,0.842065494,0.019043691,0.005936937,0.005708208
21248,0.186763363,0.042633398,0.041034578,0.007999396
18058,0.287570374,0.024044376,0.127365766,0.017078437
18012,0.307895425,0.060314193,0.030652295,0.009519194
12791,0,1,0,0
17530,0.09681686,0.340888413,0.071854426,0.008163855
21233,0.091349012,0.557571441,0.02196748,0.008362997
19908,0.149818622,0.039816592,0.03355034,0.004698352
20730,0.84992056,0.004411974,0.012972176,0.014686693
17218,0.347298005,0.014258349,0.010635082,0.019778836
19841,0.571358684,0.004735517,0.0143314,0.012755263
18401,0.059986004,0.180417224,0.049124513,0.017606005
18810,0.726172896,0.055497166,0.184291784,0.007900349
18028,0.445337617,0.028418214,0.012493057,0.149823393
18691,0.258065553,0.025980788,0.055550971,0.024123078
21456,0.29943906,0.060308034,0.013127915,0.015817532
17421,0.230621118,0.012879013,0.028491336,0.09072809
13599,0,0,0,0
15638,0.295881812,0.015450076,0.023162241,0.010505116
12592,1,0,0,0
15571,0.070756382,0.121337091,0.059390589,0.013092622
17460,0.013578508,0.025541582,0.003539367,0.923771124
18900,0.538998211,0.012288909,0.041858263,0.012249699
17921,0.403466434,0.030181457,0.003806484,0.018650085
22302,0.319453351,0.00487806,0.116587556,0.044447143
20739,0.210353176,0.096314058,0.009695408,0.035465246
16734,0.057621591,0.207107713,0.028574874,0.054026528
19641,0.301467345,0.059919167,0.065992601,0.007915783
21131,0.541712649,0.023135399,0.028076523,0.007150206
20587,0.540502148,0.009963993,0.010399583,0.055694842
17734,0.139248694,0.17055202,0.026576628,0.013230953
17198,0.379341446,0.018365356,0.01454884,0.007576363
18154,0.588333116,0.010270438,0.015048441,0.004139754
16266,0.06835623,0.396052091,0.136427627,0.007783182
13259,0,1,0,0
20518,0.023987853,0.026881313,0.028134098,0.931117509
13136,0,0,0,1
18836,0.271524153,0.030425864,0.208142265,0.009100155
19411,0.160354341,0.020698558,0.00928948,0.022215085
12804,1,0,0,0
17548,0.405476982,0.011915637,0.006230887,0.02618819
18499,0.298357356,0.014566597,0.018165947,0.015212154
19225,0.033326451,0.022432442,0.009814298,0.944160101
17841,0.116704364,0.129328769,0.108469144,0.026538623
15283,0.397984556,0.006410941,0.028904064,0.009768114
20598,0.299444099,0.008878386,0.014988554,0.029128886
20637,0.136250856,0.077732683,0.05143793,0.00931763
12525,1,0,0,0
16833,0,0,0,1
20621,0.230989464,0.033022744,0.028730087,0.008873704
18162,0,0,1,0
12745,0,0,0,0
20665,0.545246184,0.035611683,0.004816023,0.026251236
17137,0.251477562,0.096422882,0.023371639,0.006659872
13544,0,0,0,0
12536,0,0,1,0
13316,0,0,0,1
20588,0.513825334,0.007462299,0.008255487,0.055702309
15764,0.492076229,0.05537864,0.014089744,0.017294991
13111,0,0,0,0
20737,0.263566028,0.029360386,0.012266047,0.026675834
20652,0.515060815,0.130210164,0.012621954,0.021346389
15181,0.381839748,0.020445685,0.063078928,0.033837905
17348,0.040207323,0.490693478,0.039784099,0.012675417
15061,0.405774799,0.11673491,0.018523801,0.038063671
16829,0.111964349,0.587922782,0.019565769,0.012063429
15776,0.080138406,0.207679493,0.026479736,0.004542955
20616,0.120471598,0.045304795,0.031422829,0.013658843
21236,0.159013814,0.102013374,0.020100299,0.014111985
17732,0.200475595,0.120724043,0.032621617,0.006505055
17441,0,0,0,1
15612,0.14427931,0.26933245,0.02628928,0.019085582
15942,0.012640183,0.024868561,0.008890427,0.981220534
16772,0.152076308,0.19769765,0.034644896,0.009562645
12526,0,0,1,0
18583,0.118145259,0.052496318,0.025899643,0.026414706
18829,0.205434121,0.034718852,0.095040696,0.005789554
16089,0.178552576,0.101867757,0.038354637,0.087075631
19901,0.069740238,0.133121651,0.096200785,0.016845412
13513,0,1,0,0
21217,0.107410544,0.057334895,0.010782647,0.020880656
15323,0.143625251,0.00858142,0.066903445,0.013135104
18627,0.703668531,0.044627783,0.021193333,0.00760353
16331,0.146170505,0.123345174,0.015879903,0.017534333
15699,0.083522348,0.076156694,0.06270752,0.011909307
21162,0.36635693,0.009050583,0.119063276,0.012515824
20630,0.580428092,0.008823883,0.004355614,0.062957821
21295,0.449945168,0.033242773,0.008573075,0.01572572
17072,0.160364835,0.136287029,0.057491839,0.008851623
12963,1,0,0,0
20601,0,0,0,1
20161,0.462421606,0.021784589,0.045965002,0.052096411
16842,0.339396653,0.365270719,0.007211948,0.002812591
16124,0.282055291,0.016782564,0.067077145,0.009837051
15494,0.079232273,0.059740864,0.010529706,0.247566708
19723,0.05003439,0.152834228,0.017199162,0.007953682
20951,0.367023434,0.009149724,0.027949091,0.01534526
17987,0.211708906,0.216254455,0.315857177,0.006085723
21404,0.073109583,0.061953058,0.127606605,0.019231043
15999,0.103521623,0.020959201,0.975575006,0.010222442
16694,0.354923606,0.003953233,0.028684388,0.040086442
22188,0.08150606,0.251772307,0.014092359,0.016433699
19060,0.06310347,0.123163262,0.222871018,0.021600296
13382,1,0,0,0
18374,0.295781315,0.029942464,0.03355831,0.022668888
19547,0.013082105,0.025539194,0.004502835,0.843888404
18546,0.076792946,0.115609551,0.061816359,0.006370534
21359,0.254199303,0.072262928,0.027360499,0.01644273
12987,0,1,0,0
12968,0,0,1,0
22276,0.608565561,0.038075046,0.010174938,0.014800302
20661,0.659636522,0.013886155,0.004016633,0.035664124
22072,0.245700691,0.034435288,0.043681877,0.030876642
17910,0.417329919,0.029181488,0.029007404,0.025779897
17980,0.273364477,0.017050258,0.022680434,0.010964883
18242,0.250205167,0.12993124,0.029685241,0.018999729
16025,0.344614747,0.014428752,0.044431756,0.033146806
21433,0.051011111,0.145791923,0.053816772,0.033017076
19683,0.240288533,0.046722696,0.0149361,0.014756599
15627,0.52536672,0.007696661,0.021409343,0.034715732
18612,0.203465743,0.03817812,0.006707176,0.017126192
20632,0.305107442,0.015684885,0.027673411,0.010393669
21772,0.248889828,0.084372639,0.030406632,0.011922377
15631,1,0,0,0
15289,0.148574672,0.022297111,0.026571338,0.10636347
21316,0.011439204,0.020219459,0.010052361,0.373773915
21294,0.141380765,0.629891677,0.008817294,0.004812973
17203,0.30079771,0.025158874,0.012201763,0.013580774
17532,0.424218018,0.017435535,0.042945274,0.008766732
20750,0.248196654,0.288967473,0.020339828,0.003308098
16850,0.151343703,0.183766299,0.135850347,0.005887499
20664,0.140101523,0.260071783,0.023546605,0.007525682
21182,0.189322281,0.102315231,0.072376838,0.006591896
21167,0.786028106,0.017480306,0.021511473,0.005005577
21454,0.197705795,0.041483548,0.022126631,0.028088572
20131,0.398881914,0.008551797,0.015658828,0.047208048
12534,1,0,0,0
17363,0.095093658,0.592523346,0.025295435,0.014056645
19508,0.173361382,0.033028846,0.028492558,0.011537558
12574,1,0,0,0
13357,1,0,0,0
13165,0,1,0,0
17345,0,1,0,0
19006,0.097676119,0.018420608,0.0538977,0.047994267
20590,0,0,0,1
18008,0.786064152,0.028695868,0.014357666,0.006852339
20449,0.103236207,0.236796218,0.016370306,0.004391855
16348,0.365571906,0.01221256,0.055727248,0.052881883
15083,0.28486396,0.005197068,0.253027016,0.048377826
20463,0.027148994,0.010707624,0.019627935,0.827363533
15306,0.287189413,0.008223109,0.025387961,0.038202631
16819,0.190077517,0.035405417,0.031382137,0.010048295
21852,0.095967701,0.5,0.066813084,0.060942558
12798,1,0,0,0
16675,0.152549766,0.024009886,0.060863799,0.186012895
20670,0.378642348,0.037153367,0.039443549,0.037977721
17428,0.556051828,0.008918367,0.035682161,0.007916359
16565,0.40770884,0.088910192,0.009468705,0.010844716
16767,0.558566468,0.019504889,0.004053008,0.007001247
20530,0.440201023,0.269459966,0.042186742,0.037323733
15806,0.526828096,0.024181982,0.071817903,0.007113623
17483,0.040796661,0.007888867,0.010203005,0.925514989
19101,0.176571081,0.159067436,0.080678589,0.005936366
21176,0.099205068,0.021560225,0.018558949,0.056193586
15791,0.319363122,0.058473628,0.071324632,0.008954346
21458,0.369005154,0.018636169,0.044592272,0.009829161
19067,0.182569166,0.011364901,0.02094638,0.291906004
20541,0.279929257,0.02174511,0.00804288,0.090683646
22039,0.098390492,0.039691455,0.03582285,0.008603906
17474,0.0729106,0.066420718,0.119599089,0.016574423
19803,0.352301065,0.019309745,0.014058187,0.029699091
17938,0.422735692,0.02412887,0.031788615,0.013220267
21478,0.267982097,0.072572949,0.015648168,0.010758892
18632,0.13379774,0.070408743,0.060198181,0.015582331
12803,1,0,0,0
21122,0.403297199,0.00894541,0.039606657,0.012910397
19685,0.138617751,0.061546809,0.019226672,0.015472958
17222,0.530269024,0.025104066,0.017069716,0.006060507
18051,0.579642221,0.019548259,0.018910782,0.029531624
21127,0.358848107,0.006805283,0.081151482,0.010787245
18690,0.168628627,0.020606271,0.076787741,0.016645128
19869,0.026862083,0.214794964,0.189722829,0.020939456
22212,0.297153535,0.060927944,0.015822665,0.007465537
19387,0.468734577,0.049802149,0.423527529,0.004096275
19284,0.056889757,0.07870872,0.071397743,0.085140341
20582,0.764395061,0.010118707,0.027666079,0.021050077
20390,0.185007723,0.015216563,0.009709507,0.020735319
21066,0.275126758,0.049754713,0.018980757,0.033660952
13552,1,0,0,0
19639,0.078272234,0.008248929,0.005627644,0.936913018
16853,0.074255126,0.237592084,0.020115913,0.016742124
16365,0.053730545,0.194642561,0.135990307,0.016545846
17851,0.026187725,0.744190387,0.021387504,0.015445698
17907,0.0589046,0.030769502,0.056064065,0.145505667
18547,0.061620511,0.277254248,0.110366369,0.016042874
16621,0.259782216,0.164670772,0.020198574,0.005390372
17356,0.083924275,0.180467786,0.009140966,0.020760234
22262,0.185263334,0.061726636,0.014979839,0.011301555
20707,0.124903806,0.048019318,0.029881592,0.02917674
17989,0.073655374,0.071914782,0.012226047,0.005170724
20712,0.290164306,0.078862982,0.011924965,0.01375807
12510,1,0,0,0
18262,0.023997074,0.403431624,0.046574844,0.124333186
18939,0.173857474,0.014541305,0.022653967,0.063760757
18835,0.350497392,0.018801434,0.098909764,0.005990733
19495,0.221325937,0.025662894,0.039985337,0.082316657
21081,0,1,0,0
18159,0.402254244,0.018914191,0.037939615,0.06999302
21878,0.164686378,0.316727173,0.0372497,0.003406606
22250,0.279940278,0.046096891,0.022414136,0.017121274
17943,0.524751868,0.01390879,0.032478232,0.032152738
18838,0,0,1,0
20600,0.306661957,0.018865678,0.047575039,0.088373163
19754,0.078848414,0.139189849,0.028177288,0.024336127
21806,0.195588843,0.045176886,0.019737776,0.015325891
15301,0.038337368,0.31704193,0.07238242,0.039763201
17854,0.144702809,0.030564972,0.267820438,0.02015781
19684,0.167384863,0.073658654,0.017317146,0.01105065
19643,0.04283886,0.086452536,0.060605997,0.012535839
19810,0.608283,0.011895728,0.006863398,0.041733577
20099,0.172602404,0.046041108,0.020302917,0.010449121
20112,0.759344205,0.027943021,0.023707654,0.012293793
16048,0.088561651,0.04599435,0.164167666,0.007636368
20644,0.359187406,0.035928735,0.008159394,0.040516949
17220,0.44178267,0.02075277,0.010502341,0.008011281
21022,0.806705946,0.013844618,0.046441575,0.046086
21258,0.74316176,0.008069236,0.025838252,0.004333023
16210,0.794629436,0.030546796,0.005346331,0.01612624
22051,0.023651523,0.380739245,0.020373069,0.021871125
22001,0.262948251,0.042405935,0.018793556,0.006145653
12758,1,0,0,0
17874,0.28986488,0.005322808,0.179207478,0.079828929
17502,0,0,1,0
19811,0.238119693,0.014318611,0.022125563,0.009495131
16374,0.153353152,0.039984442,0.022959032,0.055714018
19267,0.118731578,0.418539133,0.006206097,0.005114455
16935,0.456312091,0.029674306,0.006865221,0.018387784
20614,0.749938382,0.014440111,0.046023308,0.019957881
16343,0.180399763,0.132179621,0.061661798,0.00710668
18094,0.552775309,0.052425291,0.021490771,0.012021536
15000,0.027373715,0.025622431,0.027371248,0.8231767
19881,0.285476846,0.063076072,0.018458946,0.009611089
20020,0.11058265,0.031709091,0.113675097,0.038725572
12882,1,0,0,0
17068,0.020784496,0.115635516,0.006437169,0.718864328
17733,0.202638218,0.182963255,0.025073392,0.006562589
19064,0.09135413,0.322421912,0.110249639,0.034630756
18047,0.3614578,0.035367159,0.061562898,0.014054961
21476,0.058674095,0.242674398,0.066143961,0.026201577
18473,0.380484088,0.123190649,0.051914639,0.010819543
16923,0.143706353,0.241195794,0.016717518,0.0120216
21969,0.097236696,0.055341214,0.01728845,0.007839378
15352,0.575548121,0.055547354,0.004339231,0.047222934
20543,0.263983968,0.020212577,0.007087604,0.031702543
17455,0,1,0,0
16696,0.186262812,0.312860427,0.050958958,0.01600049
20700,0.369028838,0.020491245,0.067276171,0.003345371
21388,0.121273727,0.01368711,0.031952093,0.103176193
18036,0.12160237,0.073717638,0.016540843,0.0053316
16248,0.068255735,0.179596659,0.030030611,0.008746392
18501,0.338948311,0.053649087,0.026664746,0.009375162
15653,0.227282967,0.048871897,0.027613436,0.008596593
20885,0.259485812,0.005734502,0.017543936,0.036717087
21720,0,1,0,0
19620,0.071695716,0.310049589,0.246042823,0.008963006
19084,0.380176101,0.008808366,0.061895966,0.01609535
21025,0,1,0,0
19729,0.211167208,0.027547854,0.023343738,0.006137346
18879,0.038347029,0.032654547,0.053928658,0.008045531
16088,0.211944693,0.045469208,0.031430867,0.055023723
18014,0.223166785,0.024345009,0.016928764,0.011615562
15220,0.468419004,0.009399242,0.032101596,0.011980911
18495,0.631483413,0.009599765,0.010280626,0.009643419
22033,0.102981201,0.05874367,0.076221037,0.011513251
17882,0.156802234,0.054755886,0.116935251,0.011679753
21043,0.044276913,0.060206298,0.052247445,0.271144366
17984,0.226100291,0.012297961,0.07887397,0.014250242
19090,0.310512102,0.018757189,0.012078777,0.044363105
19660,0.216986264,0.153115718,0.00335762,0.036382024
21724,0.177416075,0.252638938,0.051670508,0.004151316
20640,0.522693863,0.047324081,0.012212999,0.061330632
17991,0.158632263,0.138841062,0.004887573,0.009784225
16246,0.059303162,0.136357513,0.031740088,0.021240035
20442,0.150074452,0.088907529,0.061034236,0.016073478
17911,0.236141512,0.071677255,0.069988076,0.016632578
19687,0.61834992,0.006203906,0.072765257,0.00595627
17333,0.371133771,0.048466045,0.011573934,0.010354517
21121,0.123975653,0.053264829,0.029149682,0.024098986
12591,1,0,0,0
19713,0.599321843,0.025953497,0.015189031,0.022057566
18597,0,0,0,0
17998,0.098097249,0.043431243,0.04392212,0.022771427
17533,0.08356817,0.121126319,0.04523322,0.004162284
19444,0.18000077,0.03205767,0.056556242,0.010233295
16193,0.209510404,0.384857725,0.007161146,0.015656297
18346,0.179155936,0.008459052,0.102536864,0.006659649
20692,0.142391376,0.029499243,0.014300248,0.031060805
13104,1,0,0,0
22233,0.149922969,0.073859886,0.022931077,0.012342657
16827,0.39795648,0.060769701,0.023372825,0.003601685
15069,0.177109592,0.016453138,0.070945863,0.011087373
16091,0.173204522,0.062288491,0.060587731,0.005500225
19057,0.032953656,0.347452286,0.260785169,0.114978263
18662,0.54371161,0.008973377,0.007914982,0.021308978
19860,0,0,1,0
18914,0.052597811,0.110593338,0.027487992,0.014314262
12725,1,0,0,0
13391,1,0,0,0
16821,0.241646328,0.043058577,0.024136525,0.035313955
17904,0.639039346,0.020406923,0.005449529,0.020713368
19003,0.210394154,0.046304712,0.030114808,0.056998169
20883,0.698493807,0.010745537,0.014248157,0.020901114
17138,0.276052957,0.018941734,0.007997025,0.010609489
13213,1,0,0,0
18002,0,1,0,0
17923,0.160266912,0.026782113,0.005114356,0.025873338
21238,0.042840714,0.207272015,0.060704901,0.005975744
15760,0.491208265,0.053715749,0.013020767,0.011687682
15132,0.380357762,0.06245387,0.02950585,0.033972548
19945,0.081908634,0.079947819,0.220430333,0.008410254
22134,0.201263509,0.019560868,0.031367296,0.057102225
18312,0.113774807,0.071031667,0.022445494,0.01354731
21827,0.144902674,0.059185221,0.027569079,0.015730593
20672,0.46063505,0.024244408,0.027727773,0.011769976
18651,0.207218008,0.194089776,0.032690526,0.009063918
22150,0.024203839,0.173738532,0.029250515,0.00896098
21202,0.301023204,0.02697215,0.02098864,0.020069787
12666,0,0,1,0
21884,0.049814043,0.130836832,0.035923109,0.011410334
12767,1,0,0,0
20529,0.71307993,0.014627606,0.007681624,0.063008899
19061,0.077415109,0.172522895,0.163439556,0.014093446
17438,0.049413223,0.295894236,0.04567424,0.032014126
16878,0.022071401,0.107464151,0.048877587,0.249609464
16837,0.635275325,0.018573306,0.015248634,0.033605428
18398,0,0,0,1
15050,0.248057092,0.029172954,0.028236097,0.010083893
15495,0.059965555,0.056575844,0.131221275,0.042864297
19498,0.296198888,0.123690124,0.029950308,0.00799767
18712,0.254775976,0.033738933,0.043042112,0.015083425
12972,1,0,0,0
17354,0,1,0,0
15814,0,0,1,0
16863,0.267851377,0.17486608,0.036925648,0.033193299
21082,0,1,0,0
16093,0.216221484,0.02701814,0.072873338,0.004788254
18135,0.177906091,0.444196544,0.079312682,0.007654554
20629,0.18164225,0.052274039,0.008912838,0.018042509
16179,0.094820161,0.182451118,0.134969565,0.012138575
16157,0.015382554,0.039314399,0.034498357,0.937139674
20291,0.467176628,0.026489369,0.029576522,0.013828826
16107,0.021003723,0.136948671,0.037695945,0.389216325
12748,1,0,0,0
19152,0.295110449,0.096988011,0.217933611,0.005464052
16373,0.168867877,0.074788549,0.093373991,0.007226199
19833,0.323113173,0.005440638,0.274462283,0.009870571
18877,0.115822668,0.056965929,0.5,0.035062095
12806,1,0,0,0
21062,0.096286725,0.404715187,0.019401245,0.007616597
15339,0.197583345,0.037314263,0.01032905,0.013545453
16892,0,0,1,0
20556,0.122099477,0.09022792,0.022534781,0.022280984
22011,0.233230993,0.043044143,0.039198184,0.00861117
17988,0.137853693,0.331522649,0.306150221,0.011679503
15313,0,1,0,0
15501,0.305213937,0.038466343,0.011463912,0.028830949
12523,1,0,0,0
18735,0.407566443,0.022989565,0.015608462,0.008648734
15157,0.151786319,0.008652335,0.508525575,0.014279863
20937,0.270197314,0.016117378,0.02262623,0.007824327
16134,0.245789375,0.112785867,0.005053442,0.009135214
16366,0.042835102,0.21674929,0.101911213,0.01601943
20289,0.526002568,0.005055362,0.06890507,0.026875026
21210,0,1,0,0
22002,0.286530914,0.03787049,0.019303073,0.006587052
17473,0.092229295,0.080741405,0.118213596,0.015673022
17908,0.312278451,0.015188163,0.022785366,0.046641347
18653,0.171076147,0.158540609,0.050367242,0.010505847
15587,0.11242013,0.100205304,0.098436052,0.026114338
20120,0.544642025,0.010154842,0.013479832,0.041647042
15185,0.721645972,0.00318661,0.206604825,0.025589357
21080,0.284221073,0.043800459,0.019526513,0.020951905
15789,0.124440821,0.221169913,0.026050994,0.007040118
18103,0.115599423,0.028505275,0.012270331,0.012202844
18773,0,0,0,1
19747,0.248191527,0.056828817,0.008994055,0.01508659
17889,0.454374363,0.009185768,0.019388276,0.036178594
21018,0.294012863,0.065582747,0.042560524,0.040556847
20074,0.13341854,0.043216015,0.083658748,0.004664344
15359,0.150806875,0.085227762,0.0983138,0.006774379
16322,0.465438423,0.014299101,0.003518342,0.034409158
16939,0.186391961,0.045149941,0.029276873,0.004509149
15030,0.166424533,0.076451515,0.035131837,0.019097483
18059,0.2266284,0.016347274,0.087306631,0.017761619
18069,0.228295783,0.062365688,0.028293159,0.00504363
22105,0.119448673,0.085009146,0.016938702,0.004988552
20472,0.081705075,0.587375009,0.033050531,0.010227487
17122,0.155489743,0.051265912,0.025324524,0.009148331
17367,0.384590203,0.018798077,0.193509655,0.023782961
16294,0.130972351,0.055708263,0.017286691,0.014386813
18933,0.159763483,0.031972852,0.405309615,0.012494854
12878,0,1,0,0
16068,0.041866069,0.265508013,0.061505848,0.009458951
17531,0.217447953,0.426341067,0.047809203,0.007411914
18427,0.719430877,0.02343017,0.058193238,0.009013331
20669,0.277487223,0.032957989,0.007200308,0.023661016
18108,0.13339764,0.034615562,0.073942135,0.089980119
22086,0.036254217,0.009180976,0.01262536,0.989381239
21787,0.092950813,0.195509198,0.042392437,0.014356407
17240,0.361968675,0.026377748,0.026448335,0.027639081
12980,0,0,0,0
18720,0.143896815,0.012765105,0.015603156,0.010873317
21144,0.633929996,0.01435351,0.026629019,0.01256329
19100,0.175263901,0.117536196,0.095654771,0.00512058
12508,1,0,0,0
21221,0.113008809,0.373650518,0.07011488,0.016806374
15651,0.296949456,0.005004806,0.060500867,0.014265225
22016,0.50857373,0.00924968,0.026841447,0.035602271
18465,0.063011747,0.62615305,0.067659431,0.010644986
17976,0.30139805,0.013275002,0.009002041,0.014965874
19650,0.211150742,0.052799283,0.030599927,0.054698474
15951,0.068609632,0.021404594,0.018276333,0.996805692
12777,1,0,0,0
12722,0,1,0,0
20728,0.248180264,0.061791736,0.014745362,0.006884779
20738,0.216270452,0.037352106,0.0112321,0.026701031
20836,0.4329608,0.00926298,0.007860411,0.043732439
20557,0.118618391,0.083356038,0.025145328,0.014585604
21437,0.161768742,0.02866703,0.041480692,0.006452761
19935,0.024171596,0.005794523,0.056493756,0.64916866
15795,0.381939263,0.062100952,0.020764748,0.020711461
16762,0.79858679,0.01166331,0.098554139,0.008926131
18748,0.309493757,0.012539635,0.025568065,0.032768066
15701,0,0,0,1
22153,0.732166014,0.005655228,0.060476409,0.02279859
19704,0.361807659,0.231625883,0.007244813,0.01938321
20756,0.07301768,0.154666821,0.03867457,0.008115067
20153,0.203569708,0.027328107,0.119190107,0.004736604
16310,0.187336267,0.204973963,0.037640232,0.029346933
15718,0.180537824,0.082717992,0.183172293,0.013698745
21010,0.187729417,0.059791163,0.014215415,0.0078949
16942,0.371614229,0.052955903,0.085030038,0.010664777
17344,0.168214092,0.22605552,0.020674746,0.01802328
20659,0.344428586,0.103916264,0.022665182,0.008310605
15948,0.057165327,0.010064292,0.015489959,0.590335332
18886,0.311733518,0.061233672,0.035668866,0.006649687
18669,0.464157659,0.006513021,0.015872421,0.159082858
12612,1,0,0,0
21153,0.043043084,0.418144753,0.070526143,0.005234573
16256,0.282222597,0.266196506,0.085675103,0.02289011
19287,0.075225428,0.080453957,0.036085392,0.061276764
15639,0.038235315,0.005627977,0.009712791,0.851732198
20471,0.065646122,0.019378116,0.029547059,0.157375943
19676,0.855582316,0.019024884,0.029822093,0.013994257
17270,0.214314992,0.048013626,0.036871291,0.014464277
16079,0.307167935,0.018759104,0.043012542,0.021696972
19946,0.080089964,0.0738846,0.198417404,0.00826327
18029,0.471280246,0.021517007,0.012906931,0.130771911
15009,0.42843067,0.119911744,0.039881338,0.006933106
17956,0.334178233,0.012544777,0.094755655,0.015311488
20547,0.309430182,0.010226764,0.023172589,0.062860127
13149,0,0,0,0
18055,0.19299598,0.039896382,0.017338259,0.025468075
17985,0.372869445,0.023873963,0.014233949,0.007982243
20599,0.317986231,0.010045096,0.017409448,0.044209648
12549,0,0,0,0
17929,0.479219394,0.022970282,0.010195927,0.020203659
16274,0.096542685,0.058412906,0.168622937,0.002788755
15209,0.115740814,0.143150524,0.078607679,0.005919899
17542,0.015032486,0.023802281,0.00418781,0.926619514
16247,0.096201818,0.141197979,0.030138025,0.026363618
21304,0.012633394,0.00943053,0.016923334,0.991549554
16884,0.044395045,0.161891629,0.068083236,0.004892352
17845,0.17705805,0.10622844,0.168271272,0.031035035
22242,0.319808559,0.025093786,0.027454481,0.006090661
17015,0.208912495,0.111695929,0.011859969,0.010661961
19838,0.652868118,0.059617188,0.006241972,0.006670526
12573,1,0,0,0
17811,0.199320101,0.036551423,0.022402081,0.014763695
16038,0.245938503,0.08495054,0.039319527,0.014080131
19494,0.246310535,0.02521206,0.017432511,0.044539223
21952,0.194738497,0.018322364,0.156563254,0.037712588
15136,0.367777542,0.006963735,0.023854274,0.050152945
20503,0.409756476,0.010706696,0.01555082,0.036075326
18050,0.415247522,0.019776576,0.031539177,0.023900358
17329,0.438391595,0.040962979,0.011170897,0.018802729
21725,0.252414553,0.385191044,0.021154437,0.004900507
21183,0.56817664,0.009375342,0.04044154,0.008996306
20660,0.647517076,0.014284355,0.047955256,0.005785391
18032,0.163173165,0.112414382,0.070041818,0.009600191
13007,1,0,0,0
18763,0.227212419,0.102295284,0.011884062,0.014730202
16856,0.583726195,0.041752252,0.018759166,0.002747169
16288,0.258688977,0.061207277,0.027616595,0.016406934
17172,0.234014956,0.028626129,0.026802396,0.012231565
13212,1,0,0,0
21350,0.895881183,0.007361528,0.012547435,0.027437119
13285,1,0,0,0
21033,0.304248766,0.01585791,0.094993658,0.026833493
13375,0,0,0,0
21767,0.249469901,0.023462117,0.043611799,0.011575689
17076,0.049555621,0.219349094,0.045055253,0.008224188
19085,0.213513379,0.011764859,0.061568398,0.026525104
20646,0.61472684,0.013349771,0.010408416,0.011824817
21188,0.316567449,0.056209673,0.075129751,0.001957861
21194,0.152815056,0.641794319,0.021388369,0.002405555
18865,0.206249145,0.032109372,0.017411173,0.005807401
17850,0.068309151,0.16539405,0.134138117,0.016944397
19763,0.20496805,0.082769526,0.010998882,0.028792314
18030,0,0,1,0
20656,0.544884537,0.016539852,0.007228224,0.039009913
15786,0.55718588,0.018295514,0.009085451,0.034343468
21249,0.354146536,0.038106999,0.08643326,0.007211741
19722,0.405548801,0.024626491,0.014187629,0.014787984
18066,0.229574195,0.029047367,0.036377217,0.018726866
21766,0.259969627,0.024767497,0.044497704,0.01126225
21357,0.638740605,0.004403941,0.010642309,0.006299444
18734,0.378275146,0.032761383,0.010626422,0.007542182
12789,0,1,0,0
21400,0.719354075,0.022902246,0.042594088,0.006546531
18386,0.075122586,0.255845323,0.058818595,0.012096172
17128,0.147177413,0.060533148,0.050794429,0.015181779
20559,0.423457515,0.00958291,0.035646762,0.02107203
15593,0.229789626,0.023231619,0.022002943,0.063958191
12946,1,0,0,0
18068,0.285300795,0.126275137,0.005569697,0.007752939
20574,0.286087476,0.017693944,0.061941708,0.007426622
21232,0.156465002,0.335388986,0.021604092,0.009346931
20459,0.250943842,0.065298065,0.069233973,0.006244345
20561,0.199174574,0.027234695,0.05997619,0.009312684
19738,0.085803137,0.345716687,0.029507425,0.116353165
20751,0.168494828,0.484244138,0.019786466,0.005986973
16037,0.163463737,0.184016427,0.060416703,0.004883748
20230,0.364206812,0.116879321,0.046819189,0.002939641
22229,0.087557752,0.064296782,0.187198376,0.004068533
13360,1,0,0,0
16581,0.344847601,0.005418862,0.058604398,0.195883462
16101,0.119739468,0.174133792,0.036762684,0.017016662
20708,0.264332033,0.027469243,0.034487889,0.013145225
20579,0.701049067,0.006857881,0.030458284,0.013619128
17839,0.041104199,0.259775192,0.028948583,0.052303365
16305,0.082683365,0.09508154,0.024624892,0.026245102
15813,0.292900719,0.042188295,0.014689924,0.010350109
12686,1,0,0,0
21436,0.181486667,0.021764885,0.047056339,0.005877911
21963,0.250922137,0.025964186,0.055789441,0.011826328
16843,0.368489124,0.411618747,0.008946926,0.002707928
15498,0.079766657,0.064646641,0.042858324,0.005205967
15197,0.052885818,0.628383434,0.090698999,0.020491363
19521,0.329959405,0.119075601,0.029736877,0.003844336
12951,1,0,0,0
17918,0.104321418,0.028274236,0.023223091,0.034154155
16244,0.339946806,0.038825817,0.02176424,0.010429521
20044,0.348945041,0.025986175,0.030652103,0.015074564
16132,0.29041175,0.015905785,0.077120474,0.023483857
12585,0,0,1,0
16887,0,0,1,0
15775,0.13726676,0.166811243,0.027769697,0.00506735
17350,0,1,0,0
21998,0.118753715,0.169129588,0.059743275,0.010411534
12595,0,1,0,0
21955,0.161235045,0.07766416,0.041701002,0.012918543
21168,0,0,0,0
17710,0.019211909,0.072481304,0.011843645,0.066009831
16166,0.450701689,0.006172743,0.019224292,0.054446339
17355,0,1,0,0
20342,0.5,0.019683798,0.029157732,0.009656167
12543,1,0,0,0
18083,0,0,0,1
21195,0.162438682,0.54950632,0.03175815,0.003762773
16133,0.286872541,0.086514752,0.008114168,0.010056444
17713,0.540573668,0.024216079,0.005862937,0.003362452
15626,0.169589511,0.12543243,0.049367486,0.007779952
13450,1,0,0,0
15652,0.135698916,0.06471198,0.040328988,0.007361631
16917,0.173150628,0.067616605,0.04442457,0.012520301
16937,0.223525791,0.011959513,0.026543772,0.026854691
13478,1,0,0,0
20698,0.137118832,0.509969036,0.017777282,0.008536103
22237,0.380192511,0.061597753,0.082244593,0.005031607
16931,0.257517166,0.053723708,0.043382416,0.021098719
15548,0,0,1,0
22239,0.467098454,0.008107125,0.01599541,0.012520902
15208,0.180827171,0.062993425,0.058301625,0.005378996
20717,0.589476305,0.089041991,0.024312097,0.002919846
17224,0.47167768,0.018310527,0.029537787,0.008062109
18134,0.186370598,0.350221421,0.096524569,0.006289009
16548,0.230577005,0.086233235,0.028788675,0.005842557
16771,0.077955566,0.644724535,0.060197482,0.010395557
21830,0.061891366,0.155982098,0.012721313,0.050326163
18101,0.518822437,0.021412825,0.009025402,0.013750817
21717,0.252386932,0.017542378,0.082427824,0.018319079
22215,0.084437101,0.138586545,0.142512143,0.011133018
21200,0.183607965,0.045928228,0.023956882,0.00438562
18628,0.191319919,0.069721801,0.029559043,0.003724741
19062,0.101462025,0.458479519,0.051508212,0.021367481
22053,0.168637682,0.032364833,0.015482181,0.074107565
20558,0.066245661,0.103498199,0.02033147,0.014789926
20188,0.22024502,0.037547676,0.007624568,0.018952299
16671,0.059837396,0.139287376,0.060681859,0.009835293
19808,0.424920991,0.008568928,0.033334447,0.011906561
17163,0.039181805,0.10590375,0.048090351,0.034498358
22245,0.239880871,0.03532429,0.024847684,0.021831013
17577,0.382016495,0.025190778,0.076149337,0.009931346
18221,0.412512116,0.0100143,0.01098974,0.101282096
22170,0.459813521,0.023400137,0.006547986,0.048503087
20049,0.146465322,0.039463886,0.060245409,0.014681091
20734,0.256623941,0.105801677,0.005448149,0.010833526
21192,0.086872839,0.118767404,0.047287162,0.005074226
22231,0.356801433,0.008276819,0.022270217,0.009476917
18230,0.067905968,0.266690526,0.013466429,0.017717405
20604,0.630290913,0.019494952,0.021341747,0.004575521
20166,0.148423445,0.053519142,0.032771614,0.020851396
16848,0.090368249,0.645245367,0.045370995,0.013900247
20164,0.211451655,0.006809353,0.009647729,0.129335062
18072,0.197112495,0.208778465,0.063551059,0.008799301
15032,0.053610645,0.055126686,0.01558221,0.216003506
15496,0.047876212,0.074873556,0.126666869,0.051377251
18812,0.678458452,0.089534618,0.119121596,0.00560932
17448,0.067550136,0.703480393,0.02901453,0.012943664
20648,0.351377819,0.042814186,0.026437603,0.017913412
19967,0.223401546,0.004562699,0.015092888,0.130054287
18624,0.185330197,0.238359116,0.010346884,0.002601502
21120,0.130203756,0.040867554,0.031160359,0.022435072
16852,0.069071774,0.210134353,0.01758337,0.014015708
15065,0.526644034,0.012489813,0.009115016,0.025194423
13529,1,0,0,0
18153,0.078687995,0.0206863,0.018169537,0.316315508
13278,1,0,0,0
19289,0.266686448,0.03338478,0.00353648,0.031408089
18038,0.384517178,0.02495653,0.016212207,0.021869101
21975,0.132522221,0.416921718,0.033377206,0.006688419
17480,0.343011461,0.005649569,0.117720698,0.006911507
16039,0.26204366,0.098950232,0.028704314,0.010997891
20911,0.233744323,0.011837223,0.071948032,0.038837881
21244,0.208740735,0.025254968,0.018505748,0.03218379
18328,0.031324714,0.426375069,0.073993557,0.057548784
20583,0.337293102,0.011651529,0.009717089,0.070411018
13524,0,1,0,0
20396,0.293369662,0.035244547,0.074803795,0.007313233
21791,0.731543652,0.032191281,0.044622607,0.012151497
22056,0.16667866,0.101061927,0.071673292,0.047799576
21636,0.25308006,0.032699316,0.062740943,0.015706017
16676,0.085907272,0.598874128,0.021969443,0.00269231
18067,0.368180613,0.030226568,0.019751554,0.026692269
20165,0.218547136,0.0054734,0.008675097,0.087901051
17238,0.383132023,0.023743512,0.024208155,0.031258662
16828,0.451472477,0.065104874,0.022833514,0.004104476
21032,0.054848104,0.011546655,0.045064743,0.005674954
13383,1,0,0,0
21291,0.02738044,0.710965745,0.023214795,0.012142124
16764,0.619508043,0.016180423,0.020379221,0.009849065
20525,0.266366611,0.025441578,0.012185933,0.033986839
12781,1,0,0,0
21262,0.274253559,0.019253445,0.037282547,0.020188879
19346,0.088696521,0.460022418,0.043849008,0.012575095
18092,0.316573961,0.055230283,0.02351804,0.003704471
20053,0.219515458,0.020436112,0.029929511,0.021148627
17410,0.294808231,0.339848661,0.022648634,0.038910019
21870,0.198575456,0.115998638,0.052248723,0.005771365
17885,0.358120817,0.017593009,0.071089981,0.013971674
17545,0.328402566,0.014336972,0.014656873,0.018141102
21472,0.125196009,0.141712462,0.050472488,0.089449415
15586,0.053062669,0.108404432,0.068605638,0.02358806
15360,0.189080441,0.089643048,0.144868536,0.009558061
20649,0.345448394,0.00744069,0.024996945,0.020459836
17785,0.059372402,0.24570279,0.008537968,0.01229999
16904,0.811826264,0.020643481,0.032308399,0.003678634
18905,0.308830553,0.036062584,0.039264335,0.012533721
18769,0.152478822,0.021771085,0.0022447,0.937634807
21999,0.149371074,0.164972717,0.062766273,0.01501373
21139,0.372179649,0.026000516,0.048765846,0.006901235
17342,0.061473457,0.557527568,0.014860851,0.033075257
22063,0.109524499,0.051196852,0.082306573,0.021329969
17981,0.334588979,0.06159598,0.049254708,0.00674866
16051,0.047947437,0.06158468,0.073974553,0.06840108
12645,0,1,0,0
19270,0.11699293,0.089525867,0.017512314,0.011890534
16763,0.869925551,0.011423634,0.072746184,0.009201781
20634,0.161436281,0.056888007,0.019458245,0.015685523
20645,0.323450774,0.047349945,0.007456482,0.027023148
20608,0.315296542,0.030146569,0.013770571,0.009991246
17415,0.075866108,0.101201868,0.037716322,0.008417129
21399,0.717699618,0.023550864,0.058278276,0.008060737
15163,0,0,1,0
18400,0.1162935,0.113054871,0.106706073,0.009840758
12967,0,1,0,0
15628,0.721607679,0.040683544,0.04496986,0.006275049
19818,0.235110075,0.009106595,0.04159527,0.07006069
20252,0.416387267,0.012405955,0.009414502,0.032778337
20569,0.2004804,0.098629343,0.020029188,0.0231479
16903,0.762457495,0.472403401,0.022497561,0.004803005
17992,0.187554168,0.082781419,0.00976742,0.008550634
17394,0.142761081,0.04683909,0.051042062,0.078450131
18096,0.234866299,0.141761835,0.085325673,0.006935128
15445,0.201924551,0.019989038,0.020588517,0.003789014
15200,0.309578115,0.012189742,0.075443753,0.041778856
19135,0.350127551,0.010947538,0.004471322,0.024846294
16898,0.15196071,0.214676571,0.209741124,0.013291623
17092,0.201513117,0.040566639,0.020190873,0.006319221
19577,0.233366705,0.052088116,0.019345961,0.020559143
17331,0.085371132,0.489742637,0.006620738,0.015246144
13452,1,0,0,0
20076,0.293024861,0.037944737,0.009980762,0.012713288
15333,0.298821383,0.249081194,0.069020059,0.005334622
22235,0.43243013,0.020079262,0.034635204,0.007832878
13094,0,0,0,1
13094,0,0,0,1
13094,0,0,0,1
13094,0,0,0,1
12596,0.648348222,0.007422013,0.015423986,0.019404437
21174,0.305744493,0.026140252,0.187419292,0.011900407
18022,0.108012749,0.028264246,0.050493032,0.039882268
20450,0.188112156,0.04154152,0.108597758,0.005881239
16891,0.296185979,0.09227068,0.070650365,0.013426895
21972,0.07169163,0.277249111,0.169052192,0.006035794
16081,0.401945223,0.013568084,0.044478924,0.01468114
12905,0.096367771,0.079575791,0.027625745,0.004050951
19647,0.152535202,0.04857333,0.031247957,0.032518477
15386,0.318980893,0.192269492,0.043882525,0.008810563
17866,0.033666561,0.020721969,0.033873716,0.810723413
18876,0.156791086,0.056791782,0.518029505,0.029360983
22035,0.030849294,0.343605655,0.147447017,0.007400629
16194,0.359567891,0.274557243,0.007373078,0.014693348
16965,0.19668664,0.050281154,0.043802623,0.026113494
17362,0.159188435,0.46557555,0.006368409,0.013401825
21457,0.320145802,0.073323965,0.010610792,0.015467842
17900,0.10069562,0.074668522,0.023863563,0.014107005
15192,0.058611665,0.057143852,0.10817054,0.019260395
22277,0.095160463,0.329101124,0.025026139,0.068985653
16914,0,0,1,0
19029,0.053378645,0.003453345,0.015542501,0.989857041
18399,0.036549272,0.066313739,0.018302237,0.992421058
12966,0.131182034,0.169435677,0.018256889,0.002225901
18286,0.05963277,0.036677365,0.630799084,0.008332619
18075,0.188512335,0.073684786,0.093034897,0.008383783
18026,0.233480573,0.061654799,0.013010198,0.025975386
21170,0.201909636,0.05214727,0.037194171,0.007249374
12873,0.069387805,0.92504138,0.018325033,0.009598128
